Time,Var1
50.1초,0.274843
50.111초,0.2746784
50.202초,0.2735018
50.303초,0.2723469
50.404초,0.2712789
50.505초,0.2694352
50.606초,0.268803
50.707초,0.2661028
50.808초,0.2648458
50.899초,0.262067
51.01초,0.260901
51.101초,0.2583451
51.202초,0.2594062
51.303초,0.2647933
51.404초,0.2721073
51.505초,0.2787691
51.606초,0.285721
51.707초,0.2923092
51.798초,0.2981516
51.909초,0.3039748
52.01초,0.3091787
52.101초,0.313131
52.202초,0.3149418
52.303초,0.3185768
52.404초,0.319538
52.505초,0.3211732
52.606초,0.3203112
52.707초,0.3191657
52.808초,0.3174079
52.91초,0.3152322
53초,0.3117239
53.102초,0.3091673
53.203초,0.3038858
53.304초,0.3000934
53.405초,0.294397
53.506초,0.2894522
53.607초,0.2822206
53.708초,0.2769549
53.809초,0.2684211
53.9초,0.2634459
54.001초,0.2563497
54.102초,0.2476452
54.203초,0.241025
54.304초,0.2336424
54.405초,0.2261895
54.506초,0.218205
54.607초,0.2107686
54.708초,0.2006465
54.809초,0.1942336
54.9초,0.1868797
55.001초,0.1791797
55.102초,0.1713854
55.204초,0.1629185
55.305초,0.1547989
55.405초,0.1477174
55.507초,0.1398192
55.608초,0.1322519
55.709초,0.123778
55.8초,0.1175964
55.901초,0.1111914
56.002초,0.1033739
56.103초,0.09655031
56.204초,0.08925211
56.305초,0.08293935
56.406초,0.07672642
56.507초,0.07093381
56.608초,0.06529492
56.699초,0.0603554
56.8초,0.05354305
56.901초,0.04897987
57.002초,0.04237912
57.103초,0.03725705
57.204초,0.03123352
57.305초,0.02705742
57.406초,0.02212538
57.507초,0.01690514
57.608초,0.01290659
57.699초,0.008032416
57.81초,0.003469581
57.901초,0.0006028787
58.002초,-0.002486373
58.104초,-0.006161241
58.204초,-0.009143433
58.305초,-0.01272689
58.407초,-0.0156367
58.508초,-0.01937377
58.599초,-0.02177328
58.71초,-0.02489105
58.801초,-0.02636703
58.902초,-0.02921552
59.003초,-0.03224583
59.104초,-0.03366507
59.205초,-0.0378519
59.306초,-0.0390614
59.407초,-0.03967422
59.498초,-0.04068923
59.609초,-0.04204801
59.71초,-0.04359131
59.801초,-0.04081102
59.902초,-0.04870736
60.003초,-0.04682534
60.104초,-0.04660334
60.205초,-0.04738788
60.306초,-0.05006838
60.407초,-0.0477143
60.508초,-0.08355875
60.609초,-0.20404
60.7초,-0.334679
60.801초,-0.4811148
60.902초,-0.6473476
61.003초,-0.7366418
61.105초,-0.7682454
61.206초,-0.7976982
61.307초,-0.8388013
61.408초,-0.8781203
61.509초,-0.9129285
61.6초,-0.9148688
61.701초,-0.9246733
61.802초,-0.9408706
61.903초,-0.9707444
62.004초,-0.999936
62.105초,-1.028627
62.206초,-1.056327
62.307초,-1.085317
62.408초,-1.109283
62.509초,-1.146364
62.6초,-1.169754
62.701초,-1.195149
62.802초,-1.229793
62.903초,-1.261561
63.004초,-1.251074
63.105초,-1.186246
63.206초,-1.009112
63.307초,-0.7454036
63.408초,-0.5024732
63.499초,-0.3620715
63.6초,-0.3009715
63.701초,-0.3279134
63.802초,-0.4076128
63.904초,-0.5814527
64.005초,-0.7399177
64.106초,-0.7881224
64.207초,-0.7357423
64.308초,-0.6156164
64.399초,-0.4179923
64.5초,-0.2414535
64.611초,-0.1604994
64.702초,-0.1385962
64.803초,-0.0377609
64.904초,-0.01485002
65.005초,-0.05640631
65.106초,-0.09998749
65.207초,-0.0751956
65.308초,-0.05471418
65.399초,-0.06973246
65.51초,-0.04475445
65.601초,-0.05736132
65.702초,-0.05417822
65.803초,-0.05166082
65.904초,-0.06851267
66.005초,-0.08113625
66.106초,-0.08857612
66.207초,-0.1266889
66.298초,-0.1151657
66.409초,-0.1231811
66.5초,-0.1480175
66.601초,-0.1435566
66.703초,-0.1237071
66.804초,-0.1431448
66.905초,-0.1482128
67.006초,-0.1472451
67.107초,-0.1240739
67.208초,-0.124029
67.309초,-0.1387267
67.41초,-0.1350403
67.501초,-0.1434983
67.602초,-0.1534785
67.703초,-0.1434762
67.804초,-0.1343886
67.905초,-0.1459359
68.006초,-0.1170261
68.107초,-0.1254965
68.208초,-0.1158237
68.309초,-0.09581236
68.4초,-0.1007186
68.501초,-0.08995485
68.602초,-0.1074147
68.703초,-0.117073
68.804초,-0.09459198
68.905초,-0.124042
69.006초,-0.1044478
69.108초,-0.07259708
69.208초,0.0214986
69.3초,0.05183933
69.401초,0.06147778
69.502초,0.02987462
69.603초,0.031545
69.704초,0.02718098
69.805초,0.008099568
69.906초,0.0148505
70.007초,-0.005405208
70.108초,-0.02180507
70.209초,-0.03213082
70.3초,-0.03358589
70.401초,-0.05818547
70.502초,-0.06648468
70.603초,-0.0559099
70.704초,-0.07802006
70.805초,-0.04154445
70.906초,-0.04683299
71.007초,-0.01372986
71.108초,-0.0233828
71.199초,-0.01331745
71.3초,-0.01555664
71.401초,-0.02853869
71.502초,-0.0003401129
71.603초,-0.01635247
71.704초,-0.01842239
71.805초,-0.03377815
71.906초,-0.03252535
72.008초,-0.02325284
72.098초,-0.0452036
72.199초,-0.01806446
72.311초,-0.02122436
72.402초,-0.01949076
72.503초,-0.00578423
72.604초,-0.006447321
72.705초,0.005035361
72.806초,0.0178127
72.907초,0.00660186
73.008초,0.0103695
73.099초,0.01882115
73.21초,0.008227802
73.301초,-0.01066019
73.402초,-0.01792189
73.503초,-0.004707245
73.604초,0.004666432
73.705초,0.002611693
73.806초,0.01176998
73.907초,0.0006870787
74.008초,0.01480747
74.109초,0.001594222
74.2초,-0.007571888
74.301초,-0.007912711
74.402초,-0.007298811
74.503초,-0.01261738
74.604초,-0.02119312
74.706초,-0.04282667
74.807초,-0.07521819
74.908초,-0.06910139
75.009초,-0.01660413
75.11초,0.016947
75.201초,0.02045406
75.302초,0.04961087
75.403초,0.02781639
75.504초,0.0241311
75.605초,-0.006986861
75.706초,-0.005016809
75.807초,-0.0009129077
75.908초,-0.01241565
76.009초,-0.0004383346
76.1초,-0.02289475
76.201초,0.004608622
76.302초,-0.02282693
76.403초,-0.05142053
76.504초,-0.02438688
76.605초,-0.02024419
76.706초,-0.02553527
76.807초,0.01440182
76.908초,0.008507344
76.999초,0.01918168
77.1초,0.003690813
77.201초,0.00324758
77.302초,0.001366552
77.403초,-0.02960925
77.504초,-0.005533326
77.606초,-0.01080618
77.707초,-0.01139649
77.808초,0.01530557
77.898초,-0.002319518
78초,-0.00482515
78.101초,-0.01003853
78.202초,-0.03591836
78.303초,-0.0584414
78.404초,-0.02421052
78.505초,0.02535023
78.606초,0.03211035
78.707초,0.02189651
78.808초,0.009185502
78.899초,0.0007135427
79초,0.007790269
79.101초,0.004936933
79.202초,-0.01268924
79.303초,-0.006609904
79.404초,-0.01601237
79.505초,-0.01828414
79.606초,-0.01730197
79.707초,-0.02283063
79.798초,0.004953364
79.909초,0.03303206
80.01초,0.02030764
80.102초,-0.01430063
80.202초,-0.02838948
80.303초,-0.04246835
80.404초,-0.0151735
80.506초,-0.001789206
80.607초,-0.0004690291
80.708초,-0.005883477
80.809초,-0.005168446
80.91초,0.001861756
81.001초,0.02731653
81.102초,0.0460096
81.203초,0.05428804
81.304초,0.0403594
81.405초,0.03111875
81.506초,0.03488938
81.607초,0.0406463
81.708초,0.04325453
81.809초,0.04489175
81.9초,0.04462175
82.001초,0.02670555
82.102초,0.003808029
82.203초,0.003411684
82.304초,0.004804514
82.405초,0.003321119
82.506초,0.01019107
82.607초,0.007908002
82.708초,-0.02546412
82.809초,-0.04172517
82.9초,-0.02671506
83.001초,-0.04182788
83.102초,-0.01885052
83.203초,-0.03955821
83.305초,-0.02042677
83.406초,-0.02614148
83.507초,-0.04353964
83.608초,-0.05617346
83.709초,-0.0368893
83.8초,-0.02973
83.901초,-0.04325879
84.002초,-0.07792731
84.103초,-0.05658238
84.204초,-0.02654072
84.305초,-0.02969381
84.406초,-0.037574
84.507초,-0.03394766
84.608초,-0.03023553
84.699초,-0.0160801
84.8초,-0.02521707
84.901초,-0.01875508
85.002초,-0.03063073
85.103초,-0.04156188
85.204초,-0.04914365
85.305초,-0.02871581
85.407초,-0.01570527
85.507초,0.005571634
85.608초,-0.007007736
85.7초,-0.004445523
85.8초,-7.895358e-05
85.901초,-0.0007370936
86.003초,0.0138311
86.103초,-0.001796756
86.205초,-0.01456401
86.306초,-0.0009095544
86.407초,-0.01222855
86.508초,-0.01933822
86.599초,0.001031022
86.71초,-0.03293584
86.801초,-0.03015691
86.902초,-0.04609917
87.003초,-0.06773385
87.104초,-0.03286029
87.205초,-0.04451554
87.306초,-0.02677936
87.407초,-0.009769989
87.498초,-0.01104413
87.609초,-0.01895688
87.71초,-0.03921544
87.801초,-0.0160671
87.902초,-0.02632689
88.003초,-0.03147076
88.104초,-0.004456714
88.205초,-0.008037396
88.307초,-0.01359557
88.407초,0.01393037
88.508초,0.03314259
88.61초,0.04402814
88.7초,0.03197209
88.802초,0.01374074
88.903초,-0.005712678
89.004초,-0.01651923
89.105초,-0.02416601
89.206초,-0.01066116
89.307초,-0.02240141
89.408초,-0.04305777
89.509초,-0.01133284
89.6초,0.008115326
89.701초,0.04180312
89.802초,0.04082522
89.903초,0.04728497
90.004초,0.06583747
90.105초,0.06117198
90.206초,0.05353023
90.307초,0.04546816
90.408초,0.03415135
90.509초,0.05522307
90.6초,0.05466431
90.701초,0.0374423
90.802초,0.02787678
90.903초,0.0480285
91.004초,0.05447304
91.106초,0.04444082
91.206초,0.02866794
91.307초,0.02451251
91.408초,0.01956048
91.499초,0.02236426
91.601초,0.005167243
91.702초,-0.00105089
91.803초,0.0158893
91.904초,0.01332393
92.005초,0.004355578
92.106초,-0.004227027
92.207초,-0.01310693
92.308초,-0.02693494
92.399초,-0.03961303
92.5초,-0.03554634
92.601초,-0.02898754
92.702초,-0.0117112
92.803초,-0.0204245
92.904초,-0.009905986
93.005초,-0.0009157814
93.106초,-0.001513753
93.207초,0.002900812
93.308초,-0.007170256
93.399초,0.005405189
93.51초,0.01186518
93.601초,0.000713083
93.702초,0.001591268
93.803초,0.003601503
93.904초,0.003808123
94.005초,0.01754227
94.106초,0.01704314
94.208초,0.01364536
94.298초,0.001021569
94.41초,-0.01851066
94.501초,-0.01112421
94.602초,0.002285575
94.703초,0.004001109
94.804초,0.01684615
94.905초,0.0104584
95.006초,0.01985241
95.107초,0.03319649
95.208초,0.004984764
95.309초,0.008433502
95.41초,0.02642936
95.501초,-0.00432581
95.602초,-0.008062314
95.703초,0.009120853
95.804초,0.007076083
95.905초,-0.01356684
96.006초,-0.03049818
96.107초,-0.02497613
96.208초,-0.02888269
96.309초,-0.02459855
96.4초,-0.03045156
96.501초,-0.03047049
96.602초,-0.01401917
96.703초,-0.02142882
96.804초,-0.001398497
96.905초,0.0001852153
97.006초,0.0005507546
97.108초,-0.01483958
97.209초,-0.001290113
97.299초,0.001585198
97.401초,0.007768555
97.502초,0.001495439
97.603초,0.02435368
97.704초,0.0250248
97.805초,0.02309698
97.906초,0.0433491
98.007초,0.0341238
98.108초,0.02195995
98.209초,0.01820507
98.3초,0.01039683
98.401초,-0.01027682
98.502초,-0.01584822
98.603초,-0.01976483
98.704초,-0.01539836
98.805초,0.006180361
98.906초,0.005717395
99.007초,0.005320081
99.108초,0.0009560762
99.199초,-0.007612425
99.3초,-0.01134738
99.401초,-0.02417936
99.502초,-0.02728672
99.603초,-0.02440563
99.704초,-0.019026
99.805초,-0.01555398
99.907초,-0.01114233
100.01초,0.003520692
100.1초,-0.009748708
100.2초,-0.02054451
100.31초,-0.009667529
100.4초,0.01669429
100.5초,0.0121053
100.6초,0.03578455
100.7초,0.04183704
100.81초,0.03900629
100.91초,0.03572845
101.01초,0.0146736
101.1초,-0.01591805
101.21초,-0.004166662
101.3초,-0.01596045
101.4초,-0.01395417
101.5초,-0.02268584
101.6초,-0.06499988
101.71초,-0.07208909
101.81초,-0.06718886
101.91초,-0.05292404
102.01초,-0.04436994
102.11초,-0.02599188
102.2초,-0.02997339
102.3초,-0.002413446
102.4초,-0.01191599
102.5초,-0.006337946
102.6초,0.01562557
102.71초,0.0137032
102.81초,-0.00154067
102.91초,-0.008720539
103.01초,-0.002442056
103.11초,-0.009291338
103.2초,-0.02159343
103.3초,-0.02595093
103.4초,-0.0206078
103.5초,-0.03756029
103.6초,-0.04139791
103.71초,-0.02133947
103.81초,-0.055685
103.91초,-0.04346517
104.01초,-0.06667806
104.1초,-0.09433675
104.2초,-0.04910159
104.3초,-0.03627846
104.4초,-0.001482485
104.5초,0.05406016
104.61초,0.08856495
104.71초,0.07006808
104.81초,0.06656634
104.91초,0.03357373
105초,0.02569595
105.1초,0.03070404
105.2초,0.0458566
105.3초,0.04243348
105.4초,0.02964597
105.5초,0.02973127
105.61초,0.0236399
105.71초,0.001349096
105.81초,0.01219859
105.91초,0.004060675
106초,0.004720252
106.1초,-0.01219617
106.2초,0.006987848
106.3초,-0.007418485
106.4초,-0.005125547
106.51초,-0.004496936
106.61초,-0.01212716
106.71초,-6.195033e-05
106.81초,-0.01430051
106.9초,-0.008519264
107초,0.01210738
107.1초,-0.005749005
107.2초,0.001811515
107.3초,0.005673433
107.4초,0.009643669
107.51초,-0.01917714
107.61초,-0.008579158
107.71초,-0.004827822
107.8초,0.003405962
107.91초,0.008943904
108.01초,0.01249198
108.1초,0.03537248
108.2초,0.02337391
108.3초,0.01649807
108.4초,-0.008317576
108.51초,-0.02751329
108.61초,-0.05396231
108.7초,-0.03826129
108.81초,-0.02994676
108.91초,-0.02975376
109초,-0.01303224
109.1초,-0.002053355
109.2초,0.0001378673
109.3초,-0.001851851
109.4초,-0.02425502
109.51초,-0.00927743
109.61초,0.01006572
109.71초,0.002815675
109.81초,0.02817524
109.9초,0.02686704
110초,0.0119248
110.1초,0.02004169
110.2초,0.02080082
110.3초,0.00366847
110.41초,0.03365257
110.51초,0.03404746
110.61초,0.032282
110.71초,0.01176802
110.8초,0.02335531
110.9초,0.01934018
111초,0.007376815
111.1초,0.009178519
111.2초,-0.001831488
111.3초,0.003647671
111.41초,-0.002965444
111.51초,-0.009988151
111.61초,-0.02842932
111.71초,-0.01103251
111.8초,-0.002504428
111.9초,-0.0004613712
112초,-0.009643541
112.1초,-0.02250543
112.2초,-0.008548629
112.3초,-0.0246478
112.41초,-0.02970205
112.51초,-0.02749987
112.61초,-0.01043696
112.7초,-0.01830263
112.8초,0.007858607
112.9초,0.01678851
113초,0.01620218
113.1초,-0.004299727
113.2초,-0.004369909
113.31초,-0.0003583912
113.41초,-0.01239057
113.51초,-0.02398867
113.61초,-0.01554236
113.7초,-0.008332813
113.8초,-0.01001767
113.9초,-0.01013799
114초,-0.002378692
114.1초,0.00518919
114.2초,-0.006995478
114.31초,-0.006452157
114.41초,-0.006313806
114.51초,0.00256456
114.6초,0.001698144
114.71초,0.004296662
114.8초,0.01121666
114.9초,0.006292453
115초,-0.004631122
115.1초,-0.02054559
115.2초,-0.04097875
115.31초,-0.04099828
115.41초,-0.04027218
115.5초,-0.01893542
115.61초,0.004110239
115.7초,0.02255189
115.8초,0.02315279
115.9초,0.01082034
116초,0.0001749408
116.1초,-0.001641768
116.21초,0.003416015
116.31초,0.006707226
116.41초,-0.0190076
116.51초,-0.0223717
116.61초,-0.01904213
116.7초,-0.004558154
116.8초,0.02265332
116.9초,0.02482879
117초,0.02066787
117.1초,0.007066083
117.21초,0.007165881
117.31초,0.01969357
117.41초,0.01316616
117.51초,0.01646496
117.6초,0.03829461
117.7초,0.06429724
117.8초,0.04749005
117.9초,0.05275432
118초,0.0451785
118.11초,0.02957566
118.21초,0.01713838
118.31초,-0.005252114
118.41초,-0.01685466
118.51초,-0.02101061
118.6초,-0.02799269
118.7초,-0.01501339
118.8초,-0.01651318
118.9초,-0.03271221
119초,-0.01738242
119.11초,0.004311998
119.21초,0.01139326
119.31초,0.006359533
119.41초,-0.0008529741
119.5초,0.003821672
119.6초,0.0137535
119.7초,0.01948956
119.8초,0.003954675
119.9초,-0.00248641
120초,0.001975497
120.11초,0.01880634
120.21초,0.009357891
120.31초,-0.003565707
120.4초,-0.02049071
120.5초,-0.03302696
120.6초,-0.05171734
120.7초,-0.03573619
120.8초,-0.01182634
120.9초,-0.01990769
121초,-0.03368773
121.11초,-0.03126517
121.21초,-0.01640285
121.31초,-0.0220315
121.4초,-0.03317211
121.51초,-0.02664926
121.6초,-0.009736857
121.7초,-0.01020932
121.8초,-0.01098832
121.9초,-0.008624957
122.01초,-0.002794855
122.11초,0.0005900685
122.21초,0.008488331
122.3초,0.01912784
122.41초,0.05116666
122.5초,0.06616062
122.6초,0.04358977
122.7초,0.0404017
122.8초,0.04273945
122.9초,0.01647556
123.01초,0.01073353
123.11초,0.01933843
123.21초,0.008907799
123.31초,0.007176686
123.4초,0.010211
123.5초,-0.02317714
123.6초,-0.0377924
123.7초,-0.03146345
123.8초,-0.01489407
123.9초,0.00855263
124.01초,0.01687803
124.11초,0.02200625
124.21초,0.03141893
124.31초,0.01927785
124.4초,0.00677154
124.5초,0.02080389
124.6초,0.01976837
124.7초,-0.007069958
124.8초,-0.02999409
124.91초,-0.03810156
125.01초,-0.01998266
125.11초,-0.002796693
125.21초,0.002477398
125.3초,0.007606142
125.4초,0.01730759
125.5초,0.02176049
125.6초,0.02724493
125.7초,0.03498073
125.8초,0.02442848
125.91초,0.03360857
126.01초,0.03209065
126.11초,0.03442197
126.21초,0.0439957
126.3초,0.05193383
126.4초,0.05108324
126.5초,0.03830662
126.6초,0.04114009
126.7초,0.02241929
126.8초,-0.009736334
126.91초,-0.01844189
127.01초,-0.0104275
127.11초,0.001746829
127.2초,-0.006825897
127.3초,-0.02265483
127.4초,-0.028209
127.5초,-0.02322493
127.6초,-0.007035716
127.7초,0.009860813
127.81초,0.005095339
127.91초,0.001670607
128.01초,-0.01281484
128.1초,-0.008306733
128.2초,-0.01761263
128.31초,-0.05085247
128.4초,-0.05885193
128.5초,-0.06408013
128.6초,-0.05403208
128.7초,-0.03503275
128.81초,-0.03114362
128.91초,-0.02246786
129.01초,-0.02932107
129.11초,-0.02915526
129.21초,-0.01056995
129.3초,-0.003940424
129.4초,-0.002986769
129.5초,-0.007621509
129.6초,-0.02083174
129.7초,-0.008356287
129.81초,0.007607949
129.91초,0.01187529
130.01초,-0.0003421179
130.11초,-0.004777502
130.2초,-0.007466659
130.3초,-0.01564204
130.4초,0.00673722
130.5초,0.02483957
130.6초,0.0257464
130.71초,0.02513989
130.81초,0.02950717
130.91초,0.02823889
131.01초,0.01621925
131.11초,0.002266019
131.2초,0.0154491
131.3초,0.01481293
131.4초,0.02825636
131.5초,0.03295603
131.6초,0.0291668
131.71초,-0.001640825
131.81초,0.008562489
131.91초,0.01274214
132.01초,0.004778152
132.1초,-0.008727443
132.2초,-0.01507906
132.3초,-0.001990179
132.4초,0.00593442
132.5초,-0.003499271
132.61초,-0.02792589
132.71초,-0.03153682
132.81초,-0.03800856
132.91초,-0.04440025
133초,-0.05715955
133.1초,-0.05989686
133.2초,-0.03567481
133.3초,-0.02447758
133.4초,-0.01127665
133.5초,-0.01422001
133.61초,0.01167909
133.71초,0.01807623
133.81초,-0.001765654
133.91초,-0.01084125
134초,-0.01316359
134.1초,0.002307706
134.2초,0.005997498
134.3초,0.02301799
134.4초,0.01956756
134.5초,0.01663021
134.61초,0.01391299
134.71초,0.006972675
134.81초,-0.002473782
134.9초,-0.02212719
135초,-0.04875493
135.1초,-0.05021738
135.2초,-0.03569058
135.3초,-0.02441616
135.4초,-0.01660463
135.5초,0.001369702
135.61초,0.008991895
135.71초,-0.01018841
135.8초,0.01124708
135.91초,0.01458527
136.01초,0.00477027
136.1초,0.002453954
136.2초,-0.007920745
136.3초,-0.03255343
136.4초,-0.0233328
136.51초,-0.02852987
136.61초,-0.01827438
136.71초,-0.01956698
136.81초,-0.02476456
136.91초,-0.005756867
137초,-0.03118618
137.1초,-0.02770114
137.2초,-0.03744744
137.3초,-0.01504517
137.4초,-0.02648362
137.51초,-0.01557318
137.61초,-0.01964294
137.71초,-0.01466506
137.81초,0.007637513
137.9초,-0.01307288
138초,-0.01575525
138.1초,-0.004264778
138.2초,-0.005543233
138.3초,-0.008214151
138.41초,0.001040189
138.51초,0.03173728
138.61초,0.0384073
138.71초,0.0301126
138.81초,0.02488149
138.9초,0.02854069
139초,0.03977724
139.1초,0.03183271
139.2초,0.0334785
139.3초,0.03220809
139.41초,0.02775784
139.51초,0.021061
139.61초,0.02631101
139.71초,0.02098975
139.8초,0.01447599
139.9초,0.0009621626
140초,-0.001970955
140.1초,-0.008104142
140.2초,0.004658837
140.3초,0.007593757
140.41초,-0.006725594
140.51초,-0.01573816
140.61초,-0.03009756
140.7초,-0.02470674
140.8초,-0.02178946
140.9초,-0.02513257
141초,-0.02530602
141.1초,-0.02888124
141.2초,-0.02618574
141.31초,-0.03421067
141.41초,-0.04294454
141.51초,-0.04363599
141.61초,-0.02542721
141.7초,-0.0334186
141.81초,-0.03905572
141.9초,-0.02936885
142초,-0.008545762
142.1초,-0.02454112
142.2초,-0.006232062
142.31초,-0.001245777
142.41초,0.00280911
142.51초,-0.004098081
142.6초,0.006863759
142.71초,0.01404119
142.8초,0.0145621
142.9초,0.01400752
143초,0.01075223
143.1초,0.0001314484
143.2초,0.01878598
143.31초,-0.04713368
143.41초,-0.1666867
143.51초,-0.196467
143.61초,-0.2100936
143.71초,-0.2540781
143.8초,-0.264935
143.9초,-0.2535512
144초,-0.2390265
144.1초,-0.2134113
144.21초,-0.2046973
144.31초,-0.2053857
144.41초,-0.2210479
144.51초,-0.2162439
144.61초,-0.20157
144.7초,-0.216982
144.8초,-0.236866
144.9초,-0.2407236
145초,-0.2311788
145.1초,-0.2345604
145.21초,-0.2413523
145.31초,-0.2444895
145.41초,-0.2251744
145.51초,-0.2319942
145.6초,-0.232253
145.7초,-0.2440743
145.8초,-0.2342745
145.9초,-0.2299663
146초,-0.2326624
146.1초,-0.2477122
146.21초,-0.243902
146.31초,-0.238185
146.41초,-0.240133
146.51초,-0.235845
146.6초,-0.2228769
146.7초,-0.2123518
146.8초,-0.217393
146.9초,-0.2111683
147초,-0.2053614
147.11초,-0.1491611
147.21초,-0.04408344
147.31초,0.04161668
147.41초,0.0546113
147.5초,0.02959178
147.6초,-0.001512366
147.7초,-0.01075055
147.8초,-0.006596291
147.9초,-0.01453169
148초,-0.007075978
148.11초,0.007414563
148.21초,0.005984246
148.31초,0.0002679635
148.4초,-0.006353993
148.5초,-0.01384291
148.61초,-0.001733515
148.7초,0.003098148
148.8초,2.396123e-05
148.9초,-0.003324917
149초,0.003675402
149.11초,0.0007784525
149.21초,0.001400574
149.31초,0.01233941
149.41초,0.0124953
149.51초,0.009029768
149.6초,-0.003787021
149.7초,0.004712747
149.8초,-0.0008760646
149.9초,-0.006195807
150초,-0.002091392
150.11초,-0.01291476
150.21초,-0.02360179
150.31초,-0.03032267
150.41초,-0.03572647
150.5초,-0.03951375
150.6초,-0.0209141
150.7초,-0.005501748
150.8초,0.004037952
150.9초,-0.008907792
151.01초,-0.01022713
151.11초,-0.01162282
151.21초,-0.004164725
151.31초,0.008157379
151.41초,0.006613529
151.5초,0.001334666
151.6초,0.001970247
151.7초,-0.003446631
151.8초,-0.0166152
151.9초,-0.01314154
152.01초,-0.004437199
152.11초,-0.01589114
152.21초,-0.01025809
152.31초,-0.002583905
152.4초,0.01351788
152.5초,0.00515714
152.6초,-0.0003580553
152.7초,-0.01130079
152.8초,-0.01522479
152.91초,-0.01037271
153.01초,-0.005902619
153.11초,-0.008067373
153.21초,-0.001921586
153.3초,0.01196595
153.4초,0.013515
153.5초,0.01003271
153.6초,0.0002204104
153.7초,0.004235303
153.8초,0.01766736
153.91초,0.0247767
154.01초,0.02706532
154.11초,0.02912526
154.21초,0.03496612
154.3초,0.01735649
154.4초,0.006632759
154.5초,0.007003218
154.6초,0.01266456
154.7초,0.007289159
154.8초,0.004683216
154.91초,0.009022901
155.01초,0.008559586
155.11초,0.008828084
155.2초,0.001020297
155.31초,-0.004585241
155.4초,-0.001252185
155.5초,-0.01382148
155.6초,-0.01523368
155.7초,-0.004521822
155.8초,-0.01198564
155.91초,-0.01713909
156.01초,-0.01268156
156.1초,-0.007976205
156.21초,-0.01487969
156.31초,-0.02422456
156.4초,-0.02755024
156.5초,-0.01695263
156.6초,-0.009318342
156.7초,-0.01293319
156.81초,-0.02126414
156.91초,-0.02177696
157.01초,-0.02248445
157.11초,-0.02056404
157.21초,0.002821848
157.3초,0.02411111
157.4초,0.02212608
157.5초,0.0184093
157.6초,0.01612183
157.7초,0.01973579
157.81초,0.02334572
157.91초,0.02245105
158.01초,0.0245805
158.11초,0.02871967
158.2초,0.03052995
158.3초,0.0158741
158.4초,0.005234099
158.5초,0.005939752
158.6초,0.003253974
158.71초,0.01580369
158.81초,0.01222629
158.91초,-0.006371684
159.01초,-0.008091697
159.11초,0.008357031
159.2초,0.01240639
159.3초,0.0008779159
159.4초,-0.002543732
159.5초,-0.005228729
159.6초,-0.01877993
159.71초,-0.0228509
159.81초,-0.01889878
159.91초,-0.01214521
160.01초,-0.01430374
160.1초,-0.02242987
160.2초,-0.03793965
160.3초,-0.04172695
160.4초,-0.03458345
160.5초,-0.03714043
160.6초,-0.05117965
160.71초,-0.06774778
160.81초,-0.07030647
160.91초,-0.07733523
161초,-0.06019447
161.1초,-0.01028051
161.2초,0.03576045
161.3초,0.05943304
161.4초,0.06992475
161.5초,0.06637979
161.6초,0.05363218
161.71초,0.03287128
161.81초,0.007765242
161.9초,0.003824564
162.01초,0.008535891
162.11초,0.0174353
162.2초,0.02211719
162.3초,0.02633361
162.4초,0.02783232
162.5초,0.01682637
162.61초,0.004992837
162.71초,-0.003383772
162.81초,-0.01876288
162.9초,-0.02573154
163.01초,-0.02847386
163.1초,-0.02284305
163.2초,-0.01703254
163.3초,-0.01455594
163.4초,-0.01764978
163.5초,0.006393689
163.61초,0.02855702
163.71초,0.03683433
163.81초,0.02880465
163.91초,0.01229376
164.01초,-0.002639243
164.1초,-0.007265723
164.2초,0.004215159
164.3초,0.01996336
164.4초,0.02903853
164.5초,0.0008350774
164.61초,0.01366357
164.71초,0.01334411
164.81초,0.006179243
164.91초,-0.02059705
165초,-0.0222178
165.1초,-0.02149508
165.2초,-0.02189455
165.3초,-0.009972986
165.4초,-0.006758778
165.51초,-0.01299349
165.61초,-0.008679647
165.71초,-0.01219346
165.81초,-0.01295182
165.9초,-0.01486116
166초,-0.02248775
166.1초,-0.01441333
166.2초,-0.004824658
166.3초,-0.003630294
166.4초,0.001234155
166.51초,-0.001335732
166.61초,-0.002132443
166.71초,-0.01596663
166.81초,-0.01389371
166.9초,-0.008178695
167초,-0.01226476
167.1초,-0.001450287
167.2초,0.0240949
167.3초,0.03172402
167.4초,0.01756729
167.51초,0.002495507
167.61초,0.0005972447
167.71초,-0.01101093
167.8초,-0.02150972
167.9초,-0.03391162
168초,-0.0138131
168.1초,0.0002928987
168.2초,-0.01035728
168.3초,-0.0200008
168.41초,-0.02190501
168.51초,-0.0150557
168.61초,-0.01890133
168.7초,-0.01781468
168.8초,-0.01479937
168.91초,-0.001838093
169초,0.01170444
169.1초,0.01528293
169.2초,0.01753219
169.3초,0.006646472
169.41초,0.01014176
169.51초,0.006936019
169.61초,-0.004023081
169.71초,-0.00121289
169.81초,0.01111142
169.9초,0.002577022
170초,-0.009050972
170.1초,-0.009621172
170.2초,-0.001657086
170.3초,-0.005473912
170.41초,-0.02069584
170.51초,-0.02511247
170.61초,-0.02707448
170.71초,-0.02850925
170.8초,-0.02129167
170.9초,-0.01505161
171초,-0.01050001
171.1초,-0.006925613
171.2초,-0.02148179
171.31초,-0.01287842
171.41초,-0.01139374
171.51초,-0.003792705
171.61초,-0.002955478
171.71초,-0.0001400787
171.8초,-0.008945748
171.9초,-0.01801131
172초,-0.01436276
172.1초,-0.0007924901
172.2초,0.01059648
172.31초,0.01854405
172.41초,0.03442615
172.51초,0.02010048
172.61초,-0.0009805626
172.7초,0.006029326
172.8초,0.02956619
172.9초,0.03718167
173초,0.02076067
173.1초,0.02601429
173.2초,0.03815478
173.31초,0.02853055
173.41초,0.01523215
173.51초,-0.001965806
173.6초,-0.01733795
173.7초,-0.02239513
173.8초,-0.01248234
173.9초,-0.006439791
174초,-0.004290407
174.1초,-0.0009689251
174.21초,-0.02158109
174.31초,0.000289257
174.41초,0.007221032
174.51초,0.0118275
174.6초,0.003733015
174.7초,0.008302419
174.8초,0.0141226
174.9초,0.01951298
175초,0.01715187
175.1초,0.01408822
175.21초,0.01116961
175.31초,0.01694541
175.41초,0.01521486
175.5초,0.005380233
175.61초,-0.009024473
175.7초,-0.01474581
175.8초,-0.01419924
175.9초,-0.01117865
176초,-0.01046275
176.1초,-0.01040577
176.21초,-0.02727611
176.31초,-0.04037086
176.41초,-0.04149828
176.51초,-0.03678108
176.61초,-0.01934809
176.7초,-0.03018749
176.8초,-0.02084832
176.9초,-0.01411959
177초,-0.01616473
177.11초,-0.007330037
177.21초,0.01228778
177.31초,0.01519549
177.41초,0.007004662
177.51초,-0.0004040638
177.6초,0.01797302
177.7초,0.02886007
177.8초,0.03608609
177.9초,0.03194301
178초,0.01906879
178.11초,0.02174759
178.21초,0.001185861
178.31초,-0.002980239
178.41초,0.000295491
178.5초,0.01241085
178.6초,0.001740014
178.7초,-0.00440403
178.8초,-0.02161658
178.9초,-0.03307477
179초,-0.02600533
179.11초,-0.007774203
179.21초,-0.003919027
179.31초,-0.01756751
179.41초,-0.02113965
179.5초,-0.00581208
179.6초,-0.009838815
179.7초,-0.01983566
179.8초,-3.3582e-05
179.9초,0.003352685
180.01초,0.005534744
180.11초,-0.007857056
180.21초,0.0007695135
180.31초,-0.005422051
180.4초,0.002987837
180.5초,-0.001722837
180.6초,0.004340162
180.7초,-0.00638034
180.8초,-0.01254948
180.9초,0.002726581
181.01초,0.007524283
181.11초,0.007408543
181.21초,-0.001751213
181.3초,0.004063972
181.4초,-0.005419758
181.51초,-0.009802097
181.6초,-0.00875664
181.7초,-0.005885912
181.8초,-0.003924159
181.9초,0.00854992
182.01초,-0.006630554
182.11초,-0.00360525
182.21초,-0.01149114
182.31초,0.006975335
182.41초,0.003498752
182.5초,-0.01526789
182.6초,-0.01321657
182.7초,-0.01843423
182.8초,-0.02653759
182.91초,-0.01121227
183.01초,-0.00173054
183.11초,-0.01079106
183.21초,-0.01071155
183.31초,-0.0006364367
183.4초,-0.01143957
183.5초,0.003791374
183.6초,-0.004483695
183.7초,-0.01462709
183.8초,-0.02371803
183.91초,-0.004883666
184.01초,-0.000216994
184.11초,0.02002169
184.21초,0.0002859026
184.31초,0.0008822258
184.4초,0.005747908
184.5초,-0.008109003
184.6초,-0.02244295
184.7초,-0.01369526
184.8초,-0.01153283
184.91초,-0.008982507
185.01초,-0.0121508
185.11초,-0.007161779
185.21초,-0.01223113
185.3초,-0.02165479
185.4초,-0.02065532
185.5초,0.005291038
185.6초,0.02117882
185.7초,0.01493164
185.8초,0.008384628
185.91초,0.01520723
186.01초,0.002700437
186.11초,-0.004761328
186.2초,0.003377979
186.3초,-0.005291989
186.4초,-0.01566975
186.5초,-0.01326298
186.6초,-0.01571677
186.7초,-0.016642
186.81초,-0.01648606
186.91초,-0.01163565
187.01초,0.007792091
187.11초,0.02087053
187.2초,0.0341305
187.3초,0.0262727
187.4초,0.02545727
187.5초,0.01356918
187.6초,0.01535816
187.7초,0.01473028
187.81초,-0.001063382
187.91초,-0.0009478676
188.01초,-0.01469635
188.1초,-0.03218863
188.21초,-0.0292687
188.3초,-0.02972974
188.4초,-0.01146094
188.5초,0.01155562
188.6초,0.04569833
188.7초,0.05935077
188.81초,0.05419932
188.91초,0.05447904
189초,0.03402653
189.11초,0.01873809
189.21초,0.01733039
189.3초,0.01458762
189.4초,-0.01142866
189.5초,-0.009571842
189.6초,0.006794424
189.71초,0.01090579
189.81초,0.009604932
189.91초,0.007958284
190.01초,0.01009395
190.11초,0.008849684
190.2초,0.002133411
190.3초,-0.0131378
190.4초,-0.01759023
190.5초,-0.01807066
190.6초,-0.02680509
190.71초,-0.03004606
190.81초,-0.02628164
190.91초,-0.02096767
191.01초,-0.01907085
191.1초,-0.01466492
191.2초,-0.0178723
191.3초,0.0006027488
191.4초,0.001446139
191.5초,-0.009885956
191.6초,-0.02293095
191.71초,-0.04292499
191.81초,-0.03452113
191.91초,0.005446913
192.01초,0.03230701
192.1초,0.04384548
192.2초,0.02900436
192.3초,0.006991203
192.4초,-0.01751535
192.5초,-0.03544369
192.61초,-0.0344065
192.71초,-0.01928141
192.81초,-0.01121662
192.91초,-0.04022649
193초,-0.04121268
193.1초,-0.03312763
193.2초,-0.002613723
193.3초,0.01314533
193.4초,0.01823412
193.5초,0.03049547
193.61초,0.02278734
193.71초,-0.0009936418
193.81초,0.008050978
193.9초,-0.006566654
194초,-0.01003732
194.11초,-0.01501529
194.2초,-0.009778276
194.3초,-0.01858964
194.4초,-0.03589101
194.5초,-0.03935365
194.61초,-0.08251072
194.71초,-0.0596124
194.81초,-0.02633984
194.9초,-0.002012446
195.01초,0.01279196
195.1초,0.01352757
195.2초,-0.002885288
195.3초,-0.001291224
195.4초,0.002082151
195.51초,9.639658e-05
195.61초,-0.0001783326
195.71초,-0.01245468
195.81초,-0.009421355
195.91초,-0.004257829
196초,0.002823122
196.1초,0.002093273
196.2초,0.007900255
196.3초,0.01186505
196.4초,0.01990124
196.51초,0.008410347
196.61초,0.00959031
196.71초,0.007531112
196.81초,0.001620966
196.91초,0.01857422
197초,0.02010879
197.1초,0.01710689
197.2초,0.002755995
197.3초,0.005142268
197.41초,0.01767134
197.51초,0.01493134
197.61초,0.006999426
197.71초,0.007891246
197.81초,0.01880027
197.9초,0.01484676
198초,0.008056042
198.1초,0.01757932
198.2초,0.02696947
198.3초,0.02641681
198.41초,0.03246392
198.51초,0.03740158
198.61초,0.03329293
198.71초,0.02248703
198.8초,0.008526294
198.9초,0.01773009
199초,0.03416413
199.1초,0.03344351
199.2초,0.0197826
199.3초,0.02068145
199.41초,0.01115686
199.51초,0.006146214
199.61초,0.01307573
199.71초,0.02366434
199.8초,0.02964424
199.9초,0.04255796
200초,0.04524627
200.1초,0.01721468
200.2초,0.02850382
200.3초,0.02233046
200.41초,0.02152426
200.51초,0.01292576
200.61초,0.01503543
200.7초,0.007006048
200.8초,-0.006583143
200.9초,-0.02414485
201초,-0.04055624
201.1초,-0.01511122
201.2초,-0.00459755
201.3초,-0.005770914
201.41초,0.005500467
201.51초,0.02342538
201.6초,0.02066697
201.71초,0.008635163
201.81초,0.006527537
201.9초,-0.01005105
202초,-0.01362467
202.1초,-0.009841572
202.2초,0.005764675
202.31초,-0.01116986
202.41초,-0.02403076
202.51초,0.01304872
202.61초,0.02438994
202.71초,0.05435292
202.8초,0.05557295
202.9초,0.0448179
203초,0.03562791
203.1초,0.03709486
203.2초,0.04410898
203.31초,0.03427607
203.41초,0.02555781
203.51초,0.01510744
203.61초,0.02145785
203.7초,0.009827681
203.8초,-0.005725266
203.9초,-0.002223415
204초,0.009591697
204.1초,0.002121751
204.2초,-0.006866348
204.31초,-0.02297164
204.41초,-0.03720796
204.51초,-0.03726722
204.61초,-0.03228252
204.7초,-0.04463348
204.8초,-0.01121733
204.9초,-0.02774475
205초,-0.01703604
205.1초,-0.03570693
205.21초,-0.01907421
205.31초,-0.01661381
205.41초,-0.02033146
205.51초,-0.005169591
205.6초,-0.004950758
205.7초,-0.001535054
205.8초,0.005687904
205.9초,0.01938166
206초,0.03091162
206.1초,0.04593213
206.21초,0.01744753
206.31초,0.03271004
206.41초,0.009934743
206.5초,0.001749757
206.6초,0.02805298
206.71초,0.005163793
206.8초,0.005259982
206.9초,0.008382003
207초,-0.01115721
207.11초,0.0004919051
207.21초,-0.02900245
207.31초,-0.03920227
207.41초,-0.02094533
207.5초,-0.03286069
207.61초,-0.05814106
207.7초,-0.04838297
207.8초,-0.05185812
207.9초,-0.06367685
208초,-0.03474782
208.11초,-0.01220404
208.21초,-0.0256743
208.31초,-0.01898437
208.41초,-0.01749905
208.51초,-0.01909901
208.6초,-0.0173498
208.7초,0.006038066
208.8초,0.021214
208.9초,-0.01538714
209초,-0.008486572
209.11초,-0.03816057
209.21초,-0.02200975
209.31초,-0.0423793
209.41초,-0.01525453
209.51초,0.0007059069
209.6초,-0.01575006
209.7초,0.003407643
209.8초,0.02320508
209.9초,0.005078117
210초,-0.002810739
210.11초,0.01368502
210.21초,0.02458956
210.31초,0.02482418
210.41초,-0.005265109
210.5초,0.004463176
210.6초,0.01403367
210.7초,0.01564161
210.8초,0.002004444
210.9초,-0.009557986
211.01초,0.02091917
211.11초,0.005528803
211.21초,0.02899715
211.31초,0.01225859
211.4초,-0.01650111
211.5초,-0.0013922
211.6초,0.01256551
211.7초,-0.003069426
211.8초,0.01669031
211.9초,-0.0101707
212.01초,-0.001141392
212.11초,-0.008881676
212.21초,-0.01589042
212.31초,0.003486013
212.4초,-0.004969761
212.5초,0.01397442
212.6초,-0.01908413
212.7초,-0.01710031
212.8초,-0.03192246
212.9초,-0.0009686786
213.01초,-0.002068695
213.11초,0.02365351
213.21초,0.04965436
213.3초,0.04546427
213.4초,0.05044359
213.5초,0.03173837
213.6초,-0.002780004
213.7초,0.01334245
213.8초,0.01126166
213.9초,-0.01233568
214.01초,0.004515029
214.11초,-0.01420075
214.2초,0.01184933
214.31초,-0.008667656
214.41초,-0.01579857
214.5초,0.0183007
214.6초,0.02079542
214.7초,0.01640114
214.8초,0.005009446
214.91초,0.01565479
215.01초,-0.007137454
215.11초,-4.464653e-05
215.21초,-0.02254488
215.31초,-0.01509367
215.4초,-0.0269319
215.5초,-0.02869704
215.6초,-0.03040338
215.7초,-0.02747913
215.8초,-0.03754837
215.91초,-0.01225547
216.01초,-0.03354428
216.11초,-0.02112052
216.21초,-0.0005823594
216.3초,-0.03401116
216.4초,-0.04930663
216.5초,-0.03731979
216.6초,-0.0135154
216.7초,0.008703765
216.8초,0.02325464
216.91초,0.01432589
217.01초,0.0008150572
217.11초,-0.05284433
217.21초,-0.0482711
217.3초,-0.03672107
217.4초,-0.0231104
217.5초,-0.007761102
217.6초,0.0005686955
217.7초,-0.003483602
217.81초,-0.0260152
217.91초,-0.005741088
218.01초,0.001474832
218.11초,-0.005550458
218.2초,0.01323394
218.3초,-0.005501052
218.4초,0.0251713
218.5초,-0.001965438
218.6초,0.01223343
218.7초,-0.01459021
218.81초,-0.005377202
218.91초,-0.03287573
219.01초,-0.0190017
219.1초,-0.01259574
219.2초,-0.01588371
219.31초,0.006455489
219.4초,0.0109169
219.5초,-0.01104562
219.6초,-0.04261732
219.7초,-0.03900362
219.81초,-0.04337322
219.91초,-0.05971123
220.01초,-0.02544941
220.1초,-0.02406249
220.21초,0.002544267
220.3초,-0.00501941
220.4초,0.01242549
220.5초,-0.01877549
220.6초,-0.01715759
220.71초,-0.01703632
220.81초,-0.0422695
220.91초,-0.02858611
221.01초,-0.007571273
221.11초,-0.01525807
221.2초,-0.03987145
221.3초,-0.02738172
221.4초,-0.03899421
221.5초,-0.06569752
221.6초,-0.0426043
221.71초,-0.05075362
221.81초,-0.05593603
221.91초,-0.01831989
222.01초,-0.0142797
222.11초,-0.01973204
222.2초,-0.03573167
222.3초,-0.04354424
222.4초,-0.03402362
222.5초,0.008302589
222.61초,0.0220682
222.71초,0.01901211
222.81초,0.01456338
222.91초,0.002462337
223.01초,0.004518281
223.1초,0.003492184
223.2초,-0.01585449
223.3초,-0.0272714
223.4초,-0.0443767
223.5초,-0.03890642
223.61초,-0.03964095
223.71초,-0.04403422
223.81초,-0.05340306
223.91초,-0.04611052
224초,-0.01684034
224.1초,-0.01246841
224.2초,0.01568389
224.3초,0.02936227
224.4초,0.02756069
224.5초,0.01406791
224.61초,0.03089372
224.71초,0.02811299
224.81초,0.05030422
224.91초,0.04250359
225초,0.02660974
225.1초,0.03087883
225.2초,0.03684082
225.3초,0.07091556
225.4초,0.0783351
225.5초,0.07264099
225.61초,0.07465991
225.71초,0.07970344
225.81초,0.06539059
225.9초,0.04544434
226.01초,0.02878281
226.1초,-0.006043626
226.2초,-0.003786944
226.3초,-0.02226027
226.4초,-0.02186672
226.51초,-0.001865655
226.61초,-0.02182852
226.71초,0.001385708
226.8초,0.003925371
226.91초,-0.001726113
227.01초,-0.01136673
227.1초,0.0009222928
227.2초,0.007097781
227.3초,0.009186543
227.4초,-0.00301936
227.51초,0.01495301
227.61초,-0.01221923
227.71초,0.01050215
227.81초,-0.008251698
227.91초,0.008569567
228초,0.004844907
228.1초,0.005682459
228.2초,-0.01181962
228.3초,-0.01703071
228.4초,0.01217428
228.51초,-0.01700905
228.61초,-0.006422582
228.71초,-0.0002908698
228.81초,-0.01703092
228.9초,-0.02131183
229초,0.008092812
229.1초,-0.02246369
229.2초,0.001653942
229.3초,-0.00646823
229.4초,0.01209296
229.51초,0.02898604
229.61초,0.02326969
229.71초,0.009696307
229.81초,0.0204789
229.9초,0.04087278
230초,0.009435444
230.1초,-0.01102672
230.2초,-0.01367941
230.3초,-0.02018884
230.41초,-0.01604369
230.51초,-0.01838114
230.61초,-0.03902313
230.71초,-0.0006478037
230.8초,-0.0184247
230.9초,-0.01600318
231초,0.004247152
231.1초,0.02280935
231.2초,0.03561722
231.3초,0.03887695
231.41초,0.03851686
231.51초,0.02827999
231.61초,-0.00950302
231.7초,-0.01446239
231.8초,-0.01555349
231.91초,0.003252719
232초,0.008278089
232.1초,-0.006217894
232.2초,0.02308114
232.3초,0.01037052
232.41초,0.02673825
232.51초,0.02416825
232.61초,0.06415287
232.71초,0.05463635
232.81초,0.03021254
232.9초,0.04834365
233초,0.063008
233.1초,0.05349933
233.2초,0.04837104
233.31초,0.06967164
233.41초,0.04092433
233.51초,0.05843848
233.61초,0.03897332
233.71초,0.04898864
233.8초,0.030261
233.9초,0.05655104
234초,0.04085069
234.1초,0.04527046
234.2초,0.02180137
234.31초,0.01047641
234.41초,0.0222546
234.51초,0.008312698
234.61초,0.03382507
234.71초,0.01310087
234.8초,0.01472379
234.9초,0.02013077
235초,0.02314489
235.1초,0.02108905
235.2초,0.01297488
235.31초,-0.01081065
235.41초,-0.005533831
235.51초,-0.01728669
235.61초,-0.008361312
235.7초,0.01034604
235.8초,0.008537975
235.9초,-0.004769814
236초,-0.01304889
236.1초,0.001785991
236.2초,-0.006775717
236.31초,-0.01314825
236.41초,-0.021119
236.51초,-0.01228508
236.6초,-0.04741161
236.7초,-0.05701042
236.8초,-0.04705349
236.9초,-0.03115876
237초,-0.03240002
237.1초,-0.03263405
237.21초,-0.03768297
237.31초,-0.04337603
237.41초,-0.02553469
237.51초,-0.04134397
237.6초,-0.01441152
237.7초,-0.01164634
237.8초,-0.01664808
237.9초,-0.02161398
238초,-0.04648983
238.1초,-0.04681898
238.21초,-0.03043455
238.31초,-0.03089973
238.41초,-0.002405258
238.5초,-0.01438705
238.61초,-0.01992478
238.7초,-0.02530206
238.8초,-0.01703936
238.9초,-0.009565466
239초,-0.01530258
239.1초,-0.02094059
239.21초,-0.01335813
239.31초,-0.02218354
239.4초,-0.003128059
239.51초,-0.01336808
239.61초,0.002727931
239.7초,0.009300715
239.8초,-0.01345027
239.9초,0.009188577
240초,0.01405097
240.11초,-0.007398748
240.21초,0.02248376
240.31초,0.02720273
240.41초,0.01374961
240.51초,0.01949758
240.6초,0.051326
240.7초,0.06230574
240.8초,0.04048826
240.9초,0.02553116
241초,0.04328182
241.11초,0.04521539
241.21초,0.04246787
241.31초,0.03041761
241.41초,0.02464525
241.5초,0.01454096
241.6초,0.01346534
241.7초,0.01824054
241.8초,0.02148723
241.9초,0.0298331
242초,0.03236816
242.11초,0.01873995
242.21초,0.01325392
242.31초,-0.0001717828
242.41초,-0.004675491
242.5초,0.01250439
242.6초,0.02138254
242.7초,0.01861651
242.8초,0.02536638
242.9초,0.0329918
243초,0.03508997
243.11초,0.00244521
243.21초,0.001185153
243.31초,0.009461799
243.4초,-0.00475362
243.5초,0.02471001
243.6초,-0.001673976
243.7초,0.0140561
243.8초,-0.005656374
243.9초,0.00412325
244.01초,0.02548418
244.11초,0.02004198
244.21초,0.0252896
244.3초,-0.007514474
244.4초,0.007665368
244.5초,-0.01005446
244.6초,0.01886811
244.7초,0.04034304
244.8초,0.04477967
244.9초,0.02166827
245.01초,0.02292415
245.11초,0.0137439
245.2초,0.03569954
245.31초,0.05195576
245.41초,0.05747988
245.5초,0.05069271
245.6초,0.03314392
245.7초,0.01109395
245.8초,0.02394819
245.9초,0.03500108
246.01초,0.0199546
246.11초,0.03270215
246.21초,0.04712756
246.31초,0.02007944
246.4초,0.03278803
246.5초,0.001251774
246.6초,0.01713841
246.7초,-0.008518972
246.8초,-0.00369967
246.91초,0.001354746
247.01초,-0.02231562
247.11초,-0.005693289
247.21초,-0.01549736
247.31초,0.01219992
247.4초,0.02508762
247.5초,0.01992145
247.6초,-0.005520477
247.7초,-0.02485026
247.8초,-0.007439051
247.91초,-0.005616557
248.01초,0.01145356
248.11초,0.009225464
248.21초,0.007277845
248.3초,0.01694131
248.4초,0.0366962
248.5초,0.03362055
248.6초,0.02789949
248.7초,0.0344732
248.8초,0.02731328
248.91초,0.03774317
249.01초,0.0322458
249.11초,0.03259887
249.2초,0.01061787
249.3초,-0.01247296
249.4초,-0.01239216
249.5초,0.01283616
249.6초,0.01878392
249.7초,-0.0188062
249.8초,-0.02320888
249.91초,-0.01722415
250.01초,-0.006187762
250.11초,-0.0006062324
250.2초,0.0002565529
250.31초,-0.015186
250.4초,-0.01103206
250.5초,-0.02531554
250.6초,-0.03771188
250.7초,-0.03981143
250.81초,-0.0130354
250.91초,-0.01084749
251.01초,-0.02641488
251.11초,-0.01481899
251.21초,-0.000652025
251.3초,-0.001032283
251.4초,0.01473183
251.5초,0.02274177
251.6초,0.02066837
251.7초,0.01307479
251.81초,0.03508833
251.91초,0.004348091
252.01초,0.01689867
252.11초,0.01790642
252.21초,0.008207069
252.3초,0.02080048
252.4초,0.02793736
252.5초,0.0029258
252.6초,0.01390476
252.7초,0.01658308
252.81초,0.02411346
252.91초,0.03707589
253.01초,0.02418591
253.11초,0.03190134
253.2초,0.04534432
253.3초,0.03386032
253.4초,0.02248632
253.5초,0.01537192
253.6초,-0.008871712
253.71초,-0.04221791
253.81초,-0.05968396
253.91초,-0.07726279
254.01초,-0.07500636
254.1초,-0.04302671
254.2초,0.005410856
254.3초,0.03931901
254.4초,0.04728745
254.5초,0.04171614
254.6초,0.02769292
254.71초,0.03675051
254.81초,0.02770446
254.91초,0.01659054
255.01초,0.01160822
255.1초,0.001265679
255.2초,0.01056938
255.3초,0.008668618
255.4초,0.02447898
255.5초,0.01731759
255.6초,0.03179646
255.71초,0.03753512
255.81초,0.05361262
255.91초,0.02131519
256초,0.02571735
256.1초,0.005326599
256.2초,0.01703505
256.3초,0.03159362
256.4초,0.01181321
256.5초,0.03345745
256.61초,0.02695135
256.71초,0.02103938
256.81초,0.01856185
256.9초,0.02265298
257.01초,0.02503467
257.11초,0.009762882
257.2초,0.01014048
257.3초,0.01055897
257.4초,-0.000839118
257.5초,0.003794142
257.61초,0.01161919
257.71초,0.01221002
257.81초,0.02197446
257.91초,0.02329567
258.01초,0.01880179
258.1초,0.009493929
258.2초,-0.01310915
258.3초,-0.01686813
258.4초,-0.002816799
258.5초,-0.01999287
258.61초,-0.02455252
258.71초,-0.01590093
258.81초,-0.02370772
258.91초,-0.004306948
259초,-0.004341106
259.1초,-0.005365666
259.2초,-0.02920098
259.3초,-0.03034255
259.4초,-0.0242979
259.5초,-0.04000011
259.61초,-0.06660993
259.71초,-0.0867762
259.81초,-0.09171136
259.91초,-0.06340251
260초,-0.04497869
260.1초,-0.05463377
260.2초,-0.06362792
260.3초,-0.055891
260.4초,-0.04819965
260.51초,-0.04677623
260.61초,-0.03046473
260.71초,-0.03613366
260.81초,-0.04255279
260.9초,-0.0322402
261초,-0.01243042
261.1초,-0.00869253
261.2초,-0.009423316
261.3초,-0.02831858
261.4초,-0.04293637
261.51초,-0.04309255
261.61초,-0.00696126
261.71초,0.01537478
261.8초,0.0358795
261.9초,0.04391609
262.01초,0.03876613
262.1초,0.0176459
262.2초,0.01900067
262.3초,0.03487001
262.4초,0.01212085
262.51초,0.008481891
262.61초,0.01319612
262.71초,-0.0001511299
262.8초,0.00666145
262.91초,0.01527516
263초,0.01836752
263.1초,0.01759207
263.2초,0.009800327
263.3초,0.01207693
263.41초,-0.001162589
263.51초,0.02539063
263.61초,0.01819813
263.71초,-0.007150204
263.81초,0.005800674
263.9초,-0.007771627
264초,-0.01826994
264.1초,0.002904505
264.2초,0.006538028
264.3초,0.005151196
264.41초,0.01095182
264.51초,-0.001177159
264.61초,-0.00560138
264.71초,-0.004889255
264.81초,0.01606881
264.9초,0.00627974
265초,-0.002532062
265.1초,0.03216152
265.2초,0.02972671
265.3초,0.01958695
265.41초,-0.001128292
265.51초,-0.008351633
265.61초,-0.02972736
265.71초,-0.01904385
265.8초,-0.006100317
265.9초,-0.009730084
266초,-0.02410983
266.1초,-0.03433086
266.2초,-0.02923567
266.3초,-0.01042251
266.41초,-0.01679846
266.51초,-0.01546098
266.61초,-0.01142615
266.7초,-0.01007618
266.8초,-0.02172739
266.9초,-0.02227139
267초,-0.00542054
267.1초,0.009309582
267.2초,0.01651976
267.31초,0.01293887
267.41초,0.02238077
267.51초,0.01880389
267.61초,0.02806501
267.7초,0.01406203
267.81초,0.01178052
267.9초,0.01210261
268초,0.013627
268.1초,0.005411361
268.2초,-0.005690433
268.31초,-0.01845772
268.41초,-0.01836829
268.51초,-0.01036751
268.6초,-0.001344615
268.71초,-0.01077604
268.8초,-0.02563278
268.9초,-0.02578733
269초,-0.01489657
269.1초,-0.0001318571
269.2초,0.004515195
269.31초,0.001806755
269.41초,-0.002591281
269.51초,0.02099526
269.61초,0.02298184
269.71초,0.03534668
269.8초,0.03419617
269.9초,0.02504501
270초,0.05398487
270.1초,0.04279047
270.2초,0.05435959
270.31초,0.05235614
270.41초,0.02768753
270.51초,0.03609625
270.61초,0.03633005
270.7초,0.03178611
270.8초,0.04606904
270.9초,0.03739789
271초,0.02615588
271.1초,0.01268386
271.21초,0.01298339
271.31초,0.002850228
271.41초,-0.02466908
271.51초,-0.01901868
271.6초,0.001749488
271.7초,0.005004544
271.8초,0.03269116
271.9초,0.04320222
272초,0.05188844
272.1초,0.06882246
272.21초,0.06448977
272.31초,0.04049196
272.41초,0.01894593
272.51초,-0.003488387
272.6초,-0.001304818
272.7초,0.007308987
272.8초,-0.02324387
272.9초,-0.02661971
273초,-0.01093882
273.11초,0.01050676
273.21초,0.019176
273.31초,0.01853183
273.41초,0.02789128
273.5초,0.009363883
273.6초,0.01278183
273.7초,0.008400677
273.8초,0.0123302
273.9초,0.04325247
274초,0.02451383
274.11초,0.008167998
274.21초,-0.004558845
274.31초,0.002204774
274.4초,0.003660912
274.51초,-0.00264936
274.61초,-0.01758982
274.7초,-0.007906823
274.8초,0.01900188
274.9초,0.02709179
275초,0.04965716
275.11초,0.0337196
275.21초,0.03446259
275.31초,0.02296364
275.41초,0.03905962
275.51초,0.03894128
275.6초,0.05514404
275.7초,0.0677037
275.8초,0.05641434
275.9초,0.03532072
276초,0.00933095
276.11초,-0.008576609
276.21초,-0.009918654
276.31초,-0.008383676
276.41초,0.01227356
276.5초,0.001049483
276.6초,-0.01061963
276.7초,-0.01156683
276.8초,-0.006685572
276.9초,0.006107679
277.01초,-0.01580492
277.11초,-0.04354116
277.21초,-0.07369922
277.31초,-0.07802647
277.4초,-0.0786528
277.5초,-0.09751915
277.6초,-0.09775058
277.7초,-0.0563947
277.8초,-0.02004973
277.9초,0.03243524
278.01초,0.04818975
278.11초,0.03109641
278.21초,0.01322333
278.31초,-0.0369476
278.4초,-0.02803862
278.5초,-0.006886212
278.6초,0.0002981165
278.7초,0.02705342
278.8초,-0.007747616
278.9초,-0.01962376
279.01초,-0.02061407
279.11초,-0.02500441
279.21초,-0.02398365
279.3초,-0.03627567
279.4초,-0.01262969
279.51초,-0.02290459
279.6초,-0.03892513
279.7초,-0.05078744
279.8초,-0.0507413
279.9초,-0.05147715
280.01초,-0.07514703
280.11초,-0.08297249
280.21초,-0.06821603
280.3초,-0.06304161
280.41초,-0.08507543
280.5초,-0.08355086
280.6초,-0.05723518
280.7초,-0.06021558
280.8초,-0.05399322
280.91초,-0.03297716
281.01초,-0.04079711
281.11초,-0.02512305
281.21초,-0.01255955
281.31초,-0.02945468
281.4초,-0.01303049
281.5초,-0.03180031
281.6초,-0.01651522
281.7초,-0.00334292
281.8초,-0.003561224
281.91초,-0.003492211
282.01초,-0.0176062
282.11초,-0.02763076
282.21초,-0.01486336
282.31초,0.01142483
282.4초,0.001077319
282.5초,0.01063389
282.6초,0.03402354
282.7초,0.0568293
282.8초,0.07290903
282.91초,0.06084386
283.01초,0.04067044
283.11초,0.03192307
283.21초,0.03253754
283.3초,0.04279777
283.4초,0.0556883
283.5초,0.04014517
283.6초,0.02494671
283.7초,0.009153187
283.8초,0.0008822561
283.91초,-0.02917233
284.01초,-0.02797323
284.11초,-0.05801156
284.2초,-0.06339491
284.3초,-0.07954594
284.4초,-0.09243693
284.5초,-0.1128369
284.6초,-0.09784455
284.7초,-0.1038485
284.81초,-0.09644892
284.91초,-0.08027783
285.01초,-0.08663221
285.11초,-0.07097648
285.2초,-0.04500732
285.3초,-0.018924
285.4초,0.02045405
285.5초,0.02394112
285.6초,0.006953545
285.7초,0.01836041
285.81초,0.0533883
285.91초,0.06592367
286.01초,0.06786966
286.1초,0.04338146
286.21초,0.009534186
286.3초,0.02045469
286.4초,0.02599287
286.5초,-0.001684754
286.6초,-0.004509037
286.7초,0.008446448
286.81초,0.00216908
286.91초,0.01004132
287초,-0.00717645
287.11초,-0.01361963
287.21초,-0.0250938
287.3초,-0.02863771
287.4초,-0.03052119
287.5초,-0.03449905
287.6초,-0.04101893
287.71초,-0.05497605
287.81초,-0.0437744
287.91초,-0.04946079
288.01초,-0.08840758
288.11초,-0.1008187
288.2초,-0.09505969
288.3초,-0.09572561
288.4초,-0.08686057
288.5초,-0.09504879
288.6초,-0.1005243
288.71초,-0.1178441
288.81초,-0.1358301
288.91초,-0.1352787
289.01초,-0.120571
289.1초,-0.09793072
289.2초,-0.07767415
289.3초,-0.04199335
289.4초,-0.006397021
289.5초,0.06313182
289.6초,0.08292651
289.71초,0.05571096
289.81초,0.01071452
289.91초,-0.02836274
290.01초,-0.03312979
290.1초,-0.02779415
290.2초,-0.006078891
290.3초,0.001346348
290.4초,-0.005340851
290.5초,-0.01772139
290.6초,-0.007939906
290.71초,-0.004624611
290.81초,-0.001159973
290.91초,0.03829842
291초,0.06083415
291.1초,0.05694785
291.2초,0.03769922
291.3초,0.02704081
291.4초,-0.005900247
291.5초,-0.001963155
291.61초,-0.01020285
291.71초,-0.01246553
291.81초,-0.004913919
291.9초,0.01972876
292.01초,0.01095509
292.11초,0.004510111
292.2초,-0.007262449
292.3초,0.01846864
292.4초,0.03302869
292.5초,0.03058266
292.61초,0.02512388
292.71초,0.02900581
292.81초,0.02372552
292.91초,0.005272151
293.01초,-0.01229593
293.1초,0.003267022
293.2초,0.02770931
293.3초,0.0364969
293.4초,0.05966519
293.5초,0.03945639
293.61초,0.05654785
293.71초,0.05218588
293.81초,0.04038103
293.91초,0.001029574
294초,-0.02432701
294.1초,-0.003495452
294.2초,-0.01873699
294.3초,0.003624624
294.4초,-0.01323467
294.5초,0.0001433048
294.61초,-0.004113596
294.71초,-0.01740557
294.81초,-0.0180036
294.91초,-0.02864552
295초,-0.04438554
295.1초,-0.05506007
295.2초,-0.04045634
295.3초,-0.05375334
295.4초,-0.03308202
295.51초,-0.03790598
295.61초,-0.03479986
295.71초,-0.02506757
295.81초,-0.01669209
295.9초,-0.01927248
296초,-0.02894437
296.1초,-0.03483941
296.2초,-0.03705929
296.3초,-0.02612611
296.4초,-0.03614059
296.51초,-0.04837952
296.61초,-0.03371848
296.71초,-0.03360868
296.8초,-0.02722821
296.9초,-0.0222318
297.01초,-0.02968608
297.1초,-0.01546618
297.2초,0.004059827
297.3초,0.02304529
297.4초,0.03816115
297.51초,0.04440476
297.61초,0.05200443
297.71초,0.04412359
297.8초,0.04520672
297.91초,0.04048472
298초,0.03914149
298.1초,0.03939797
298.2초,0.02593507
298.3초,0.008362216
298.41초,-0.00715624
298.51초,-0.01100661
298.61초,-0.005036985
298.71초,0.01958495
298.81초,-0.009368013
298.9초,-0.003829125
299초,-0.01916832
299.1초,-0.0308624
299.2초,-0.03149173
299.3초,-0.01109946
299.41초,-0.01690863
299.51초,-0.006794141
299.61초,0.03060589
299.71초,0.02875119
299.81초,0.02726304
299.9초,0.01440914
300초,0.01980717
300.1초,-0.00212423
300.2초,-0.02969373
300.3초,-0.03230668
300.41초,-0.03784409
300.51초,-0.02907618
300.61초,-0.03270537
300.71초,-0.03729266
300.8초,-0.03396514
300.9초,-0.03609354
301초,-0.0464767
301.1초,-0.03332601
301.2초,1.499927e-05
301.31초,0.03300583
301.41초,0.07385401
301.51초,0.09855828
301.61초,0.115283
301.7초,0.1154283
301.8초,0.09079044
301.9초,0.06147403
302초,0.04504047
302.1초,0.02512885
302.2초,0.01044291
302.31초,0.000175254
302.41초,0.0160741
302.51초,0.01553329
302.61초,0.0259356
302.7초,0.03017158
302.81초,0.02378859
302.9초,-0.004986195
303초,-0.01445556
303.1초,-0.01890125
303.2초,-0.006471931
303.31초,-0.003656802
303.41초,-0.005524532
303.51초,-0.0006327216
303.6초,0.00617314
303.71초,0.007546407
303.8초,0.01654502
303.9초,0.006917682
304초,-0.009821165
304.1초,-0.01107736
304.2초,-0.01045381
304.31초,-0.02623129
304.41초,-0.03277005
304.51초,-0.02153325
304.61초,-0.01280224
304.7초,-0.001069485
304.8초,0.06565749
304.9초,0.1050408
305초,0.09442277
305.1초,0.1740835
305.2초,0.2776482
305.31초,0.3965031
305.41초,0.5442312
305.51초,0.613849
305.61초,0.5681613
305.7초,0.5200953
305.8초,0.4936093
305.9초,0.4932328
306초,0.4897019
306.1초,0.4869427
306.21초,0.4809078
306.31초,0.4831618
306.41초,0.4796732
306.51초,0.4736997
306.6초,0.4707269
306.7초,0.4701513
306.8초,0.4885897
306.9초,0.5042828
307초,0.5056928
307.1초,0.4985739
307.21초,0.482174
307.31초,0.4749914
307.41초,0.4712138
307.5초,0.4714018
307.6초,0.4806347
307.7초,0.487775
307.8초,0.4893498
307.9초,0.4981418
308초,0.5039874
308.1초,0.4978264
308.21초,0.5130487
308.31초,0.5314992
308.41초,0.5342329
308.5초,0.5369172
308.6초,0.5330637
308.7초,0.5273982
308.8초,0.5125433
308.9초,0.5054598
309초,0.499721
309.11초,0.4944674
309.21초,0.5009455
309.31초,0.5052756
309.4초,0.514756
309.51초,0.525405
309.61초,0.52699
309.7초,0.5158597
309.8초,0.5208213
309.9초,0.5244555
310초,0.5190434
310.11초,0.469025
310.21초,0.3280401
310.31초,0.2347521
310.41초,0.2327031
310.51초,0.2636876
310.6초,0.2754385
310.7초,0.291784
310.8초,0.2961399
310.9초,0.3169878
311초,0.3172945
311.11초,0.3190911
311.21초,0.3277604
311.31초,0.3292795
311.41초,0.3211787
311.5초,0.3059207
311.6초,0.2760334
311.7초,0.2600042
311.8초,0.2754142
311.9초,0.290917
312초,0.2954917
312.11초,0.3036275
312.21초,0.2965614
312.31초,0.2944943
312.41초,0.296188
312.5초,0.2918751
312.6초,0.2911817
312.7초,0.2837762
312.8초,0.2485898
312.9초,0.2597812
313.01초,0.2501178
313.11초,0.2574342
313.21초,0.2708789
313.31초,0.2940799
313.4초,0.2918166
313.5초,0.2886195
313.6초,0.2658379
313.7초,0.253228
313.8초,0.2583515
313.9초,0.2849263
314.01초,0.302998
314.11초,0.2925082
314.21초,0.2832068
314.3초,0.2684747
314.4초,0.2669716
314.51초,0.2522563
314.6초,0.2539741
314.7초,0.2725361
314.8초,0.2766786
314.9초,0.2787931
315.01초,0.2769718
315.11초,0.2833937
315.21초,0.2825416
315.31초,0.2942485
315.41초,0.2858611
315.5초,0.2850569
315.6초,0.2994797
315.7초,0.299616
315.8초,0.2854257
315.9초,0.2785695
316.01초,0.2607909
316.11초,-0.1037443
316.21초,0.002980411
316.31초,0.07080612
316.4초,-0.01848358
316.5초,-0.0006732391
316.6초,0.008709892
316.7초,0.007450418
316.8초,0.01553011
316.91초,0.01141135
317.01초,0.02001357
317.11초,0.01127882
317.21초,0.01650042
317.31초,0.009919538
317.4초,0.008021943
317.5초,0.006712286
317.6초,0.00533075
317.7초,0.007200611
317.8초,0.005785002
317.91초,0.007575062
318.01초,0.007164977
318.11초,0.005362211
318.21초,0.006163849
318.3초,0.006022241
318.4초,0.006664872
318.5초,0.005512452
318.6초,0.005956715
318.7초,0.005074343
318.8초,0.004026572
318.91초,0.005779375
319.01초,0.004861114
319.11초,0.00356078
319.2초,0.003925109
319.3초,0.003763386
319.4초,0.004831615
319.5초,0.003696245
319.6초,0.003635753
319.7초,0.002840176
319.8초,0.002184741
319.91초,0.001956665
320.01초,0.001777303
320.11초,0.0009229197
320.2초,0.0009602508
320.31초,0.0005334697
320.4초,0.0004275717
320.5초,0.0001381841
320.6초,2.750193e-05
320.7초,-8.022787e-05
320.81초,0.0003284812
